{"\ubcf4\uc720\ub7c9":29690.0,"\uae08\uc735\ubd80\ucc44":1694.9063469629,"\uae30\ud0c0\ud3ec\uad04\uc190\uc775-\uacf5\uc815\uac00\uce58\uce21\uc815\uae08\uc735\uc790\uc0b0":400437385.1088822484,"\ub2f9\uae30\uc190\uc775-\uacf5\uc815\uac00\uce58\uce21\uc815\uae08\uc735\uc790\uc0b0":585453646.6935216188,"\ubcf4\ud5d8\uacc4\uc57d\ubd80\ucc44":460694504.5552815199,"\ubcf4\ud5d8\uacc4\uc57d\uc790\uc0b0":762664.7944539201,"\ubd80\ucc44\ucd1d\uacc4":5793815076.3636026382,"\ube44\uc720\ub3d9\ubd80\ucc44":649993781.6948498487,"\ube44\uc720\ub3d9\uc790\uc0b0":1922080153.1624126434,"\uc0c1\uac01\ud6c4\uc6d0\uac00\uce21\uc815\uae08\uc735\uc790\uc0b0":730923199.6148897409,"\uc608\uc218\ubd80\ucc44":2350222121.5770330429,"\uc720\ub3d9\ubd80\ucc44":838879961.4682526588,"\uc720\ub3d9\uc790\uc0b0":1157772641.4244089127,"\uc774\uc775\uc789\uc5ec\uae08":1429014273.4351997375,"\uc790\ubcf8\uae08":79167314.2214176953,"\uc790\ubcf8\ucd1d\uacc4":1994987871.0290408134,"\uc790\uc0b0\ucd1d\uacc4":7788802947.3926439285,"\ucc28\uc785\ubd80\ucc44":371113492.4099625349,"\ud30c\uc0dd\uc0c1\ud488\ubd80\ucc44":22379196.9441716298,"\ud30c\uc0dd\uc0c1\ud488\uc790\uc0b0":18609178.5982999802}