{"\ubd80\ucc44\ucd1d\uacc4":5793815076.3636026382,"\uc790\ubcf8\ucd1d\uacc4":1994987871.0290408134,"\uc790\uc0b0\ucd1d\uacc4":7788802947.3926439285}